ID,IP地址,端口,类型,匿名度,国家省市,响应时间,传输速度,验证日期
1,125.123.136.227,,HTTP/HTTPS,高匿,中国 (浙江),,,2019-01-29 15:11
2,111.177.161.37,,HTTP/HTTPS,高匿,中国 (湖北),,,2019-01-29 15:09
3,120.236.168.19,,HTTP,高匿,中国 (广东),,,2019-01-29 15:09
4,61.145.182.27,,HTTP/HTTPS,透明,中国 (广东),,,2019-01-29 15:08
5,211.159.171.58,,HTTP/HTTPS,高匿,中国 (北京),,,2019-01-29 15:07
6,121.61.3.91,,HTTP/HTTPS,高匿,中国 (湖北),,,2019-01-29 15:06
7,124.205.155.153,,HTTP,透明,null (null),,,2019-01-29 15:06
8,117.191.11.108,,HTTP,高匿,中国 (新疆),,,2019-01-29 15:06
9,36.33.32.158,,HTTP/HTTPS,高匿,中国 (安徽),,,2019-01-29 15:05
10,110.52.235.198,,HTTP/HTTPS,高匿,中国 (湖南),,,2019-01-29 15:05
